0,-222.0144587403381
1,-431.5181990545459
2,-90.39811146725478
3,-18.968064978147112
4,-527.4649455631447
5,-170.51789659719563
6,-316.12085123682897
7,-306.23703233530966
8,-136.24116889480976
9,36.42477219179992
10,-399.3797439296707
11,-547.430581690351
12,-295.49368641717774
13,-274.60532987770046
14,-28.049525812801534
15,-202.70581170664772
16,-481.2790886255229
17,-498.19697978980844
18,-392.7248843474816
19,-119.78188492298233
20,-136.50492229692412
21,-628.888279777075
22,-383.67157550836305
23,-538.9544138751743
24,-716.381718826611
25,-660.804458590652
26,-462.9052470833923
27,-348.62547045668805
28,-610.0540945027876
29,-397.766534035088
30,-532.3255546058608
31,-521.2903458037765
32,-474.01674522794207
33,-723.4926941524018
34,-524.1667566818533
35,-117.26239743977519
36,-483.35810553991683
37,-251.07280788504593
38,-25.134342526507552
39,-515.4630989462438
40,-568.8610449443318
41,-415.4301217396623
42,-644.2602728042616
43,-477.97259467262205
44,-633.2977746987881
45,-154.75064754026528
46,-675.4691079586711
47,-393.3628678470542
48,-62.891261403938636
49,-562.4282544152261
50,-574.5777735712829
51,-187.7812099747672
52,-319.7003992182857
53,-612.0927811964484
54,-585.9941325760127
55,-681.6196238832372
56,-377.79896057516476
57,-475.87910019894593
58,-211.84476476268694
59,-155.32855244947766
60,-80.67993806908171
61,-355.02869746083627
62,-291.00335413265356
63,-238.62695759181975
64,-367.2158925726257
65,-361.66016315926026
66,-125.2560582237264
67,-139.020135993363
68,-214.18795249817055
69,-400.8758485111265
70,-544.5959755314709
71,-348.1275267014676
72,-172.97986024558344
73,-268.0845174676045
74,-422.0485819997699
75,-65.38581347709416
76,-106.86177587316689
77,-454.9428379989147
78,-76.3370754481725
79,-389.4672517430267
80,-230.9463122136808
81,-278.7892981958635
82,-304.5269607718385
83,-284.0023981674286
84,-200.9646127730765
85,-142.67906562248186
86,-88.31292808314642
87,-187.83799809180096
88,-440.83500236824693
89,-279.1080505515743
90,-304.824555726702
91,-303.73193526591564
92,-91.97054933819022
93,-81.10308436406409
94,-413.0175733743666
95,-151.78573042320164
96,-322.0663140400069
97,-518.3481999075567
98,-219.8261363130573
99,-327.71022487677556
100,-113.90481702798571
101,-91.75141924480364
102,-365.4347111767613
103,-261.78217863101924
104,-77.89730630820596
105,-114.95947199856465
106,-67.10792279021857
107,-117.02921568740268
108,-80.4266721500191
109,-167.8122147998139
110,-39.09344919660694
111,-111.85111803756017
112,-61.54705209331486
113,-99.55039511172158
114,-235.81681287992996
115,-82.37864468637292
116,-105.18897166646973
117,-158.9768208865388
118,-143.31906911034494
119,-104.40785011108345
120,-65.80226242236891
121,-223.20203014173535
122,-141.48947143642687
123,-121.39809801937211
124,-96.66680425604584
125,-102.17323849960381
126,-63.39838103670799
127,-70.18499993941343
128,-106.6427346089886
129,-80.67431650406164
130,-33.01443355133826
131,-99.51021679316163
132,-65.88855682915761
133,-84.9357481820316
134,-86.51136299084256
135,-99.72110173065806
136,-182.50693570601294
137,-80.1151911294757
138,-63.879388948805094
139,-214.22991644727995
140,-118.98923982659355
141,-95.53574619826335
142,-88.34305991695284
143,-58.32374339253313
144,-63.82927082758242
145,-174.98528888750997
146,-70.1923463329262
147,-1.732077772691838
148,-57.36171171903871
149,-67.76839514561858
150,-43.60359967010926
151,-85.74462900314282
152,-55.277818468276834
153,-18.677731386388643
154,-67.100575709131
155,-6.524606562004919
156,-185.91843825277695
157,-105.47120344162644
158,-100.43562766560535
159,-91.01428357217671
160,-210.30144676226166
161,-83.54422208913451
162,-66.94897610554011
163,-98.4988190834081
164,-308.05477012479287
165,-146.598299994723
166,-256.45310961134254
167,-49.04274244549114
168,-24.08238387053916
169,-351.94213791675173
170,-86.15003406888928
171,-18.642069348436806
172,-53.71320844707677
173,-127.28958092247092
174,-51.30185277259697
175,-255.28540508723614
176,-154.55870475447364
177,-0.266808258821726
178,-28.831605392368928
179,-41.469989081919806
180,-33.18981088698712
181,-195.35367052954348
182,-299.8553601640846
183,-43.471976307251296
184,-114.57780521497212
185,-216.7810921354757
186,-149.97388598358359
187,-47.980230678850205
188,-155.1625719410733
189,-91.76740980287038
190,-8.111929913710114
191,-304.1593847443172
192,-248.85114832747104
193,-270.4837256799806
194,-279.4765369035913
195,-250.88986354922224
196,-229.0711737035157
197,-188.9382617030942
198,-159.6920407657036
199,-197.12203958239496
200,6.201069868176262
201,-105.38341377552248
202,-32.19053690658738
203,-80.93336044954656
204,-15.473130871170312
205,-42.83074754891773
206,-39.445810833475065
207,29.1752416861641
208,-1.2684123095238249
209,20.879237326981624
210,-57.66023010278961
211,-91.98380975969263
212,-90.43351635258956
213,-23.577103073682366
214,4.373079879904466
215,-54.313335593992946
216,-72.40270614124701
217,-35.871560183830994
218,-81.98630419382326
219,-64.01100713039284
220,-84.29516122333166
221,-93.34180356362704
222,-35.88348510165716
223,-32.4668585565521
224,-40.83462639974127
225,-96.71442165347825
226,-179.38264671369413
227,-178.98405578651816
228,3.6253175519193803
229,-109.59454459270897
230,-68.69144803143676
231,-55.16588235954247
232,-67.46057478133497
233,-15.035316831172892
234,-71.96092727873291
235,-25.420379486059744
236,-117.6739649384919
237,-26.48513399973514
238,-58.84460568489082
239,31.319724224416547
240,-28.650796788456233
241,-0.9790609940871349
242,-43.50821749845383
243,-2.377771833464223
244,17.261146198203576
245,79.78422228012825
246,25.345267422689602
247,-27.823612047976525
248,24.432524308403956
249,-8.156214401168938
250,0.13815917658058652
251,-12.605024458915054
252,-8.530227427731504
253,-46.62337296635569
254,17.28944355967701
255,-24.07261335057683
256,4.750593984207711
257,-8.235231662236444
258,-17.659193070864063
259,-56.23035544728245
260,-57.95606237299353
261,-20.348827710125448
262,-40.48517894108289
263,-62.90152586948979
264,-55.06642008615916
265,-82.97420109734647
266,5.554228204463314
267,-36.81576022121007
268,-24.698778600137288
269,-32.24159035604319
270,-8.457062929881786
271,-41.04823751329327
272,-58.38354674974455
273,-69.78588988668481
274,-50.610602104796264
275,-61.241131916420464
276,-71.85166893884933
277,-31.698909512474415
278,-21.762017494721135
279,-75.78443945750747
280,-10.066738596233648
281,-17.177557377277424
282,-38.63825133747248
283,0.517011905450758
284,-48.042079020732245
285,-5.390278561355913
286,-26.999493124973128
287,-88.83736645920088
288,-7.391457442016204
289,-10.29449383676507
290,21.965819733221494
291,-7.544676262353349
292,23.51254519653091
293,8.17052452332453
294,-6.474409322230841
295,21.64685622018743
296,1.2241296443312422
297,47.60337614617103
298,9.203036894380219
299,176.9244500724664
300,-12.473355114303033
301,-16.307194459924602
302,82.08700147723175
303,-132.69874843861393
304,-142.44079253883427
305,24.902033547883008
306,-97.31012081091961
307,197.830904617905
308,-34.544868681414684
309,-200.9105509785096
310,-121.71723922442946
311,-131.8449798928609
312,-52.62762357045202
313,-151.21911372352412
314,-49.432840085946914
315,-47.4795350229725
316,-93.32520817260539
317,-85.6370321305753
318,50.258884196199574
319,-77.17101114346355
320,-137.0171319193161
321,-282.27932040120197
322,-293.1348012146641
323,-293.2089331709753
324,-402.20564989586927
325,-248.99298597563396
326,-381.55643503669137
327,-259.76590420194805
328,-411.2779226723949
329,-121.07765930866836
330,-173.06051717766002
331,-317.88325841333835
332,-111.80648875575649
333,-196.05587716088132
334,-193.32259560992242
335,-114.42171338401458
336,-210.9564838744083
337,-144.1841687661134
338,-104.6174055815482
339,-163.20503425630747
340,-16.87152972861747
341,-91.13926255526368
342,-30.25967996311108
343,-69.65311824393841
344,-233.77188822447317
345,30.557108120911494
346,-83.4066296515852
347,-37.89532614348502
348,106.09110209329927
349,-42.723480036007714
350,6.679315821741227
351,-27.583469355533467
352,90.69172233754198
353,74.1868597694424
354,121.62324885606205
355,-34.928609994165456
356,9.284901847039746
357,-103.90376688874011
358,2.7556581213118108
359,-43.41017786371252
360,-11.82798145224919
361,2.9085654320657284
362,7.306761785797349
363,-62.35166236251446
364,6.7120146942448855
365,8.605395341926652
366,74.17394258415649
367,62.283876418683626
368,13.241087075123673
369,23.483370078881137
370,-122.01727920948748
371,42.34224154855888
372,-68.03845740001304
373,42.80174972399641
374,-66.52198456875783
375,-18.36795851036744
376,-68.11320060470645
377,-1.6554660915295756
378,9.250997512584249
379,-47.38114701501354
380,-72.50051628319873
381,-24.18453323979746
382,-6.9836588566988524
383,-123.84564586138846
384,-12.160012387918517
385,-13.37765148359762
386,33.61107469099265
387,23.82006817047845
388,13.04148342536989
389,-7.090885664693325
390,-71.8727865475003
391,-12.05027071003272
392,-32.54336792388109
393,36.57719657757363
394,83.92450074021596
395,-55.097195100038206
396,0.8312783463116773
397,-64.48395346215777
398,-27.615041081640413
399,-26.706973395776586
400,-21.980373997074935
401,-33.32767998180208
402,-70.23893866003614
403,115.31835601186232
404,-66.94330728020589
405,-21.712818331111706
406,-36.34568584619331
407,-44.04477116722927
408,93.67410721752448
409,-175.2242692151871
410,-18.933455314186503
411,34.750429693163426
412,-27.855970647535372
413,42.225207175712114
414,-23.21245016268901
415,-2.527079616154822
416,-59.708246914816854
417,26.376094408310863
418,-170.8193020078652
419,-84.97549767490551
420,131.70076612156183
421,38.44565266402515
422,-81.29073324271194
423,-4.812315220894789
424,7.053976443277406
425,-37.50225619041122
426,18.00360618725699
427,43.551292519607756
428,-138.14658163222606
429,12.362220259841195
430,-1.8889344972292312
431,42.1953422036147
432,-91.0646132508602
433,-10.976439529231357
434,-64.21536621570372
435,-95.49873708251712
436,-18.99361108504891
437,8.74700024039899
438,132.4968945964575
439,-45.399799301537655
440,76.57355604639386
441,-121.01938269517551
442,-16.802344626595158
443,-146.87355162714718
444,-108.38513631976687
445,-219.32430658624605
446,-309.4485279123505
447,-88.02650442726484
448,-231.30641310253395
449,-236.2586198091408
450,-269.64008337392386
451,-126.27714127441169
452,-145.43033199122274
453,-90.06502172233417
454,-134.5843930628508
455,-290.651642831036
456,-126.16203374431086
457,-134.48420976620483
458,-124.96167213378918
459,-170.93921431510952
460,-115.06311299947251
461,-114.33100295475309
462,-213.23803922983632
463,-73.89498231982077
464,-85.18955956690117
465,-70.56877143904441
466,-108.91042996273005
467,-69.3938657430145
468,-52.40291460689324
469,-79.68153649384058
470,-108.17508886743417
471,-56.68179210560709
472,-86.25478591650614
473,-68.76900392728358
474,-86.70221901549968
475,-118.87796169516761
476,-37.36795641624271
477,-47.56266175998959
478,-3.8029905590179647
479,-67.81078201078573
480,-74.23589233922529
481,-26.278339533687205
482,-30.885098835177118
483,-17.201839121393153
484,-30.092685194973633
485,4.448881676497791
486,-40.82014562968542
487,-163.98283852463362
488,-9.343513543853426
489,-14.304160205198839
490,15.14397411936744
491,-40.470414156287035
492,-56.47695667411129
493,73.33444062893855
494,1.4415492808040113
495,48.446883024522485
496,22.855613598194907
497,4.172896566666665
498,102.18902568757353
499,15.001062596049636
500,8.100980434201361
501,130.7471687656653
502,48.60565075016821
503,-2.9129408896079383
504,71.3684990931028
505,-16.229035840608148
506,39.598892940108
507,110.8914153116945
508,31.377039219983885
509,-47.748277224345145
510,-36.61885087880546
511,-56.56120210434089
512,13.895854711074037
513,-39.241274177323334
514,46.62735095198914
515,20.373323287266146
516,-32.97503741580468
517,-28.20989893423517
518,-56.11892270417442
519,69.22013693486232
520,219.94386350869826
521,-12.651362816661887
522,6.683824690382664
523,-25.202073711881134
524,116.30103644788159
525,121.55783648962378
526,-32.585880294028854
527,44.45904233529873
528,131.8534785280974
529,-10.619972935611115
530,67.00437987841636
531,-48.37158173785206
532,111.4985795508051
533,-36.962235328150875
534,-5.0904453547811945
535,174.4804824834066
536,67.96919443524709
537,-14.27013591362828
538,178.7553711519593
539,178.90754027486935
540,41.71378027863669
541,190.5866498303347
542,286.40234216100987
543,68.92773637578192
544,265.17677446038965
545,1.7984849025610998
546,243.55291717016655
547,11.102007932089975
548,279.14095784579297
549,17.886092174657193
550,24.76000368696242
551,-10.270895697151317
552,7.188833400267768
553,12.425149086504177
554,-13.938129434422379
555,21.944516866218976
556,-29.950721237147775
557,-31.206604772667788
558,-2.8184641621919155
559,-9.496626274858443
560,-5.105596332326897
561,10.336949034655163
562,2.0086482306052034
563,-11.929125573704297
564,-17.837503694057077
565,29.51860246088586
566,21.643443475965995
567,5.891595637159284
568,-28.84822714486259
569,-23.589228021875172
570,-32.4681585489291
571,-28.031217426303357
572,-1.193478156065325
573,-37.67985808365139
574,-69.26193958159074
575,-92.73344445597061
576,-73.02161877738624
577,-78.4841443927379
578,-2.6784606668768163
579,-64.67986016870134
580,-66.93380350087897
581,-52.96122091263044
582,-122.23266481628089
583,-148.8002625052618
584,-121.33144339208826
585,-104.00523207702982
586,207.52769825665555
587,-105.29692904125321
588,-88.76004395496966
589,-125.58230730719498
590,3.362999193248257
591,-99.84943011431685
592,-5.120128193442895
593,-175.9621381904508
594,-53.481054240115824
595,-73.02509068976501
596,-119.42501092618079
597,-98.0124585239691
598,-61.552601093499376
599,-73.23312802406922
600,-121.37024304285111
601,-103.85203505513111
602,-55.96411822287468
603,-133.9766570317382
604,-108.5734479498132
605,-137.10479325522346
606,-138.731970156939
607,-146.51998148301823
608,-131.7044659970474
609,-60.1201933192166
610,191.3268035980013
611,-76.64194378298907
612,-165.35715920452196
613,-169.52162700295509
614,-139.61832470029785
615,-152.01396320511932
616,188.21956567008775
617,-141.90420794588113
618,-130.18136177070687
619,-127.98949106458166
620,199.71667981077002
621,-117.35987232265904
622,251.85037182048842
623,-149.86559064841566
624,-89.71723153622193
625,-171.91250826265815
626,-120.71622224948024
627,-70.17195075265315
628,-58.82857540186666
629,-89.47166880734765
630,169.23831438708487
631,-57.14996723389112
632,209.03999167600244
633,-43.72362922492627
634,-33.356658542977264
635,150.65947876040357
636,129.15958216878067
637,-54.13633001102596
638,255.2400080694735
639,-96.62372392035022
640,23.124420546427444
641,-26.16427363410473
642,233.96477120061334
643,-8.097253907050714
644,-50.20203356165395
645,-60.11794000493575
646,225.211888087751
647,-10.070142167887456
648,-10.352903342243536
649,-97.5725779538156
650,3.5504132506422557
651,-83.3065979991369
652,16.74716169603164
653,230.05192852480425
654,-7.377930764313024
655,-49.491161181507444
656,21.765323911383312
657,-33.300512314397785
658,-41.48910692703277
659,-19.99175382143913
660,-48.10576482953576
661,-69.50696326474127
662,9.266850382365156
663,-45.724364527208444
664,-11.302743164078475
665,12.311743122658326
666,216.6657970850443
667,0.4099977324707693
668,-90.29018871096255
669,-22.946296833701677
670,161.42026840193407
671,217.2789422595795
672,236.46594947108323
673,190.53627178926297
674,-47.139024300134466
675,-13.273453825758136
676,200.55103752080237
677,207.91538745925837
678,242.22885148140998
679,291.8533248377271
680,256.4091118050858
681,221.7225980750433
682,229.80561945641952
683,30.056679789508507
684,18.386703334904198
685,256.72494226901574
686,7.955909613911345
687,196.57013703384013
688,210.60784760518527
689,201.966790166282
690,212.30150025136038
691,279.69921019269617
692,187.7168995219515
693,225.78397843891122
694,218.15404078837102
695,-71.86600609031836
696,-24.551273801034796
697,217.48298440638663
698,275.7120764963335
699,232.37917487611784
700,-79.80688494554173
701,-0.2306415735548626
702,263.0175940242443
703,268.975002100215
704,253.04411003546218
705,221.9596694005727
706,252.42905788990956
707,286.27921549697396
708,225.7371711322842
709,241.04494683213557
710,268.3798765802169
711,-124.35737558011618
712,221.81026785556415
713,251.12879993945046
714,241.56609992671764
715,35.67814581419577
716,16.54864784531665
717,13.634787982930689
718,205.97532928942132
719,-26.06796792895254
720,-8.581316971772068
721,-20.1408631223388
722,271.7463600299399
723,-95.97483649080516
724,9.02534942569082
725,29.258167672736363
726,-47.24709480265851
727,246.24823551549576
728,-21.593766083810564
729,32.887531339148154
730,230.65919263524972
731,275.6053583547285
732,223.0417221188488
733,-10.479910746239241
734,261.8032130692105
735,44.515638458137545
736,-38.46945151232424
737,280.45529850023627
738,-88.08846893664278
739,-55.7332812230362
740,238.21812045118588
741,229.16219433856884
742,25.76270594129062
743,17.025163091045528
744,22.061030030093946
745,55.79182719729843
746,34.996917849718045
747,20.66889051559778
748,1.7832091272721868
749,18.79779264141486
750,-3.727972732213331
751,260.6436846031594
752,245.45064611148047
753,31.125844451320972
754,46.509563909189524
755,17.14055627125535
756,-125.22496784034747
757,251.34719259850408
758,18.496681118706192
759,301.55213856298496
760,32.609648654097896
761,-2.03286930631387
762,-131.67833573304003
763,283.0977264912243
764,283.28403614531084
765,263.54133117941484
766,270.97304965323406
767,61.572368285054836
768,25.973344330446906
769,252.73422814525472
770,266.216944479062
771,36.81202331307412
772,316.156351267446
773,17.485838176455317
774,59.8516876869175
775,4.496612409954949
776,27.157617945842304
777,52.578851989113275
778,-11.801683331858683
779,258.1530671074935
780,53.300724973497836
781,4.927645157201397
782,261.995317126786
783,28.164979079731125
784,39.510046974955316
785,254.82867282762203
786,278.19649818869834
787,24.853279634893866
788,24.47182802547006
789,5.146609199086413
790,14.544831307524959
791,40.570563163806526
792,37.047955069697394
793,232.5510285986727
794,50.635828219776755
795,20.090912428206025
796,265.9683280221145
797,30.048145090749074
798,16.71147663467299
799,47.98110356888796
800,39.17889953755392
801,20.046498714201277
802,270.42538736490565
803,235.9359838136463
804,274.7016550623962
805,262.7689770273803
806,-64.95858232896238
807,250.80713931945533
808,31.794878671550975
809,249.06479825214365
810,293.7513501011154
811,2.174314936578469
812,-0.719620424000837
813,237.40038148276446
814,233.4603625987154
815,8.293768721645897
816,256.6979093266935
817,253.08388788211937
818,-7.794511441604982
819,-24.325919817837715
820,194.4959172810308
821,-19.629411879332977
822,280.25376583781696
823,-8.949810683057507
824,13.45940260242675
825,258.67399444844557
826,221.92222657319363
827,283.70228712895266
828,53.16495672234083
829,55.09435049344839
830,247.72839660013662
831,274.29360251564026
832,241.49396311173584
833,231.6963849558488
834,275.6892535414888
835,273.72918808935714
836,16.493790986390024
837,-39.67335113913195
838,241.602568520046
839,37.155689052441375
840,208.01948121303155
841,-61.08922252107416
842,-37.15463619742893
843,294.36482930749224
844,210.25202525595648
845,11.161553244859107
846,280.00580044932514
847,283.5927738437445
848,248.72647559122393
849,4.17817155289417
850,38.68294851234708
851,278.2716173718667
852,240.76289979916083
853,228.21749091652745
854,0.10630786151365612
855,-24.31233120846096
856,260.95419961194614
857,-4.142586391160738
858,-107.84770849569729
859,235.24391221829546
860,231.17983556036083
861,-23.5595596296815
862,-37.30783060850151
863,234.25890212703862
864,204.26359953166434
865,-27.10623246952986
866,237.70990005413591
867,276.84144703657444
868,229.7413575841541
869,264.19521725837035
870,241.7653458299447
871,210.10265723269225
872,234.40175140255025
873,-0.486194175066899
874,227.10027597348687
875,243.39423218544542
876,240.73337271286044
877,270.7729347391803
878,11.424392142468648
879,-1.78208292579167
880,52.21214849953762
881,225.53172805008327
882,247.95441302314535
883,276.6350509561605
884,247.41269037078342
885,262.0000243812973
886,1.3970543710432537
887,18.556613324141807
888,249.0104927611886
889,-89.8326082598614
890,-3.3863396145410434
891,254.53149693613483
892,179.37032728042055
893,-2.7638135301422295
894,-15.871050372752435
895,-30.121533680583084
896,38.49008508235414
897,-45.12695056630433
898,-87.46745849090377
899,-59.2914225642384
900,-118.02014435097826
901,-37.12307854849176
902,239.8216367981195
903,-53.618181335551014
904,-91.23754512214424
905,-85.8060850318994
906,-60.23373451987477
907,-76.90538666024312
908,-101.17083505719638
909,-156.39003629897826
910,-103.6205912715493
911,-132.83692146651458
912,-104.90082971432763
913,-156.097145565169
914,193.57625328611906
915,-160.08979049159572
916,-209.69969158413312
917,-129.5235998640362
918,-212.59875653875406
919,-104.4400547703481
920,-116.70521861010991
921,-101.42231271378057
922,-114.66289908928539
923,-189.86893510954056
924,-109.66659675455507
925,-107.5723265603898
926,-135.55985907214122
927,-96.10359763230154
928,-119.4884683098452
929,-67.98849477734198
930,-94.9039018666744
931,-61.79975731647416
932,-83.96597078489889
933,-77.95362367143005
934,-41.388044676830795
935,-53.556607940530874
936,-57.76217251127924
937,-51.08947979621764
938,-6.417109154653507
939,-17.249100624139682
940,-42.161063436484994
941,-8.16248578889025
942,14.533182995757358
943,-2.3387364634130585
944,-19.075489354112857
945,12.021732890338203
946,135.32501835092674
947,44.421880134660086
948,-92.09483018959969
949,257.6441701722526
950,225.73073964327085
951,192.26465458727523
952,210.19969959069283
953,203.055341601948
954,10.092811454042788
955,176.96243334376774
956,262.99178921014686
957,114.646966556498
958,205.69055222489231
959,279.35350425936076
960,216.5712813019993
961,78.3290492874507
962,218.72167854447497
963,176.45513898344737
964,213.23956568901255
965,249.29324353169648
966,204.3310533084258
967,194.37166802687275
968,248.1662641630432
969,219.14056553789933
970,263.49091882066557
971,261.08471190277777
972,253.35039893784216
973,223.7000526634832
974,264.7414301418394
975,240.16224832609393
976,265.18686763539483
977,252.56646140740577
978,228.4446920552968
979,233.73398310753763
980,241.25598092399855
981,258.04790953872737
982,222.67183816101812
983,270.5998438456271
984,206.94693763424183
985,215.32354736546748
986,259.27198721732714
987,267.77074372820744
988,277.5664465926377
989,34.7654437142437
990,-49.913231213810874
991,-4.616756575439794
992,254.64432484093868
993,201.10782182740965
994,237.18106969817637
995,228.54809504384315
996,202.92972542115615
997,228.57822517704477
998,272.122924535781
999,57.76545954162751
1000,-5.44617443959406
1001,232.5452841412465
1002,242.135825298916
1003,7.246208523853653
1004,14.523174776777296
1005,194.08558757368448
1006,253.62572214663257
1007,299.3036928777078
1008,262.1209349118561
1009,257.59131322731474
1010,254.90487982851556
1011,229.63766187783517
1012,279.27495054385656
1013,270.39273221179883
1014,-11.006353873854067
1015,-3.8221922104077635
1016,254.79583943291325
1017,273.15699625511525
1018,254.16645581444354
1019,258.8111506571329
1020,238.6046312816597
1021,48.477492237327084
1022,296.3168949591108
1023,277.32789529145373
1024,294.46829525321607
1025,47.48341647429086
1026,32.25950297540112
1027,284.1214297898819
1028,266.4347437268666
1029,226.8622992437822
1030,279.66427953701515
1031,258.7170626147594
1032,32.207091032431634
1033,-139.9909623029053
1034,5.335212194399531
1035,175.81577106587775
1036,199.73071758534337
1037,259.580168393573
1038,255.7029255001915
1039,275.1175437738783
1040,299.72586094509256
1041,237.45739358330079
1042,58.775767008092345
1043,67.9216884420913
1044,277.8513676890219
1045,296.13297826394694
1046,41.416548429622054
1047,266.5314414926843
1048,259.5663595391726
1049,309.73621320701034
1050,270.2409701424576
1051,266.73612168500733
1052,280.2223712696741
1053,230.54296759918282
1054,269.3541002429231
1055,240.37850617719133
1056,48.45157673334032
1057,258.9083272180364
1058,290.7969964231015
1059,264.4671668456636
1060,-14.94022347309452
1061,278.0181428226043
1062,284.5127259199844
1063,245.00041449708434
1064,270.51782044830156
1065,290.6112552593534
1066,248.68013730066517
1067,287.1520409152836
1068,276.05661488742174
1069,282.8667931330475
1070,257.2192890984246
1071,244.41586402904153
1072,37.19141890203798
1073,277.47027905896556
1074,225.33860376339032
1075,222.3758801371981
1076,252.40006893705805
1077,290.5254909098525
1078,239.7271590047941
1079,10.402873528567824
1080,256.5435160376036
1081,261.2686812019711
1082,267.0233405079491
1083,204.77467773585334
1084,7.733620115993858
1085,252.06855144877153
1086,292.97418903524147
1087,210.20208377637795
1088,49.01638748320357
1089,290.10254393205423
1090,257.71224405821596
1091,269.9195358161702
1092,45.692347836343856
1093,234.22665134663205
1094,279.98475043113245
1095,282.2042701119733
1096,230.3183272440284
1097,51.48241056445025
1098,252.57886715449436
1099,1.7050692246279624
1100,30.03866586825896
1101,150.02590223323074
1102,-3.772074163193608
1103,235.18792683616493
1104,257.99590153778286
1105,252.25469402358283
1106,-62.762590496627155
1107,6.3758199277236685
1108,1.786106995421278
1109,210.41061795088604
1110,253.9276822508228
1111,-33.16827184833079
1112,-20.439635509495744
1113,177.0880304399128
1114,210.24560511684217
1115,208.6287284898774
1116,143.1178550334238
1117,-123.60322647167312
1118,-34.5701568145709
1119,170.64278659825436
1120,174.12609507099452
1121,90.18463885706072
1122,-156.54242552202575
1123,161.6093412012969
1124,-39.94270949547282
1125,154.4083441211563
1126,21.680340583022563
1127,179.22028341782087
1128,128.27125109015077
1129,145.4478622086569
1130,212.04278038043995
1131,164.74244124489928
1132,144.37781925715578
1133,169.42276195927207
1134,242.52320816788784
1135,239.63647458298524
1136,169.01440914515
1137,211.89366819695667
1138,203.2507110147228
1139,146.83908790808223
1140,-18.770237884659494
1141,273.70185170963816
1142,277.63004130382706
1143,214.26042991386208
1144,248.70375093071354
1145,253.74243587313214
1146,287.0292092673701
1147,238.99518225968907
1148,274.8660931961288
1149,27.55925048917696
1150,237.53758476466749
1151,-9.048348392438214
1152,266.2134098768415
1153,176.50391562154186
1154,283.21923708817917
1155,264.5988671955431
1156,272.5496625499055
1157,29.240348231915164
1158,25.952355235256277
1159,-0.5686605329270407
1160,22.889812161799597
1161,-24.65450967941989
1162,278.584042844802
1163,256.239774659642
1164,11.096445467338555
1165,44.93515706827233
1166,240.78145002287636
1167,261.52752195385744
1168,265.63700964708346
1169,243.43212387845443
1170,210.71118825430736
1171,290.68054480399655
1172,240.66915398655638
1173,262.017731822399
1174,250.01007117617874
1175,25.03452006672225
1176,256.93978495368833
1177,245.8372535364055
1178,156.09184496205643
1179,259.02918033532484
1180,234.7403949501235
1181,273.0734752875809
1182,284.14867732478274
1183,258.32836529584335
1184,261.8562725701096
1185,41.94902345881701
1186,200.41067406613425
1187,210.96354903043994
1188,239.22273144808884
1189,262.5394079804959
1190,7.674816900244764
1191,-5.791852199005106
1192,245.6004296810082
1193,5.29917279506347
1194,-36.14243959308263
1195,-12.983564600177289
1196,-17.87842338214979
1197,22.527278452642804
1198,200.77465759725573
1199,246.11090653603554
1200,-5.027985736220259
1201,-40.985140956442365
1202,13.01905530079489
1203,218.91139097190947
1204,-61.570723053423464
1205,215.9544157432553
1206,-95.57740386260234
1207,270.98417414361904
1208,32.110737329522635
1209,2.014986908368101
1210,224.4434141848136
1211,-7.180806910279742
1212,-61.3818744765057
1213,-14.751764232076525
1214,200.31732698168696
1215,181.30089910299978
1216,247.7542021212222
1217,-1.263720852258274
1218,-77.87355611333805
1219,-53.016746982784284
1220,129.81033249461768
1221,-37.12855862708416
1222,62.02976475467419
1223,-76.85511130659722
1224,-80.81237284995998
1225,-56.01558749577024
1226,-55.30646235198056
1227,27.925311033236728
1228,162.21033682117493
1229,-13.366887494069294
1230,-44.99731846251043
1231,-64.20071702508164
1232,219.62205674696816
1233,-36.29897656521944
1234,-40.03743292479472
1235,-30.89792289867022
1236,-25.595341306860462
1237,-9.143506567615516
1238,-26.153100482747337
1239,199.74089763185907
1240,189.21092462292216
1241,-42.91749699760476
1242,177.8488811552027
1243,-29.88793560757506
1244,-14.822284275292901
1245,-39.54516073633699
1246,-32.89756584125212
1247,-180.8840449960449
1248,-22.329363978527805
1249,-31.35474134670993
1250,-26.618450549994517
1251,-0.4926964294923266
1252,-48.894338447956876
1253,-13.429128230457605
1254,-5.877043560589962
1255,-47.794465471263315
1256,-16.9189571965279
1257,-50.85568458495494
1258,-26.72610589613043
1259,-35.474975126670316
1260,-80.10102145756463
1261,-22.458311788013354
1262,-65.05831637004793
1263,-29.85133388106293
1264,-52.853202128338125
1265,-29.60976014956466
1266,-13.193129971869066
1267,-40.98583372788529
1268,-25.447392219994466
1269,-34.65318604180321
1270,-82.08853458915705
1271,-70.42953443221427
1272,-32.16656064082891
1273,-81.11959277668863
1274,-83.5054122675189
1275,-99.44353534149658
1276,-26.987717876307215
1277,-48.472308831646394
1278,-47.050081120739804
1279,-63.451228801764024
1280,-51.98827333486849
1281,174.42737239568143
1282,-82.03515575997805
1283,-65.26486367279108
1284,-11.80608101511993
1285,-90.62060171725004
1286,-63.691124439881584
1287,153.67658263001425
1288,151.43158882512196
1289,-171.70430316687677
1290,-42.052320772679806
1291,206.4542312424532
1292,186.2271182523336
1293,214.55315890247834
1294,168.60712968770096
1295,226.31519662871386
1296,59.51888686056341
1297,235.41846655408727
1298,295.8460288416967
1299,292.31426325722396
1300,-46.2123636120478
1301,226.56888732237655
1302,232.2287184229387
1303,40.05479225206295
1304,203.81587467846208
1305,261.61746732380357
1306,26.853009838010593
1307,242.09824002248166
1308,54.41266165588371
1309,55.04568705026443
1310,25.24486158014811
1311,54.67625139000572
1312,251.23297175387893
1313,15.127531474228476
1314,51.86710884209623
1315,-18.653910309028433
1316,18.77549533032669
1317,-23.882055153507608
1318,-0.8759761409968121
1319,-51.17639166720217
1320,-64.93959685677551
1321,-39.231955524843684
1322,9.088811074352662
1323,-11.42531069229689
1324,-21.093888654433712
1325,4.48594199770497
1326,-2.103905154100204
1327,9.039703973048134
1328,-33.992639354558335
1329,6.5942711823262385
1330,-57.65736309790094
1331,-39.7322536710187
1332,-8.529387272064142
1333,33.69961118797622
1334,-39.60121736583751
1335,-38.09552055356393
1336,-65.3570005512175
1337,-46.16971657601296
1338,-32.57885554629924
1339,-55.08360561509932
1340,-70.30998323164351
1341,-29.42183862877789
1342,10.629314844280032
1343,20.27531866867416
1344,-7.9585113712115
1345,-36.3671595623686
1346,-23.53836985526648
1347,-25.33412347198839
1348,-34.87417446365238
1349,-17.411190727357607
1350,11.977783220074087
1351,-3.464756370386951
1352,20.257165705095545
1353,27.221989137193447
1354,-23.082386331844518
1355,22.841070384943663
1356,-99.73441974914611
1357,48.77594413149191
1358,-36.890210452927874
1359,-138.48177267400357
1360,205.8750149243623
1361,0.2953511423708477
1362,-32.383273388906446
1363,270.370355991696
1364,195.56418131360795
1365,184.49318618778744
1366,-59.699367704097384
1367,297.949659767257
1368,114.28578468082051
1369,-6.597343678965359
1370,191.36011244411276
1371,274.1612245954504
1372,245.4921390449976
1373,243.40934344985203
1374,-34.410162537794164
1375,244.19942785575137
1376,257.81522281276887
1377,212.0593963902832
1378,256.40231829574486
1379,260.1427799450596
1380,255.0457619297146
1381,14.120072816130985
1382,261.2610087322777
1383,262.49409996139786
1384,231.59114467591638
1385,245.50365809193298
1386,265.7551217053572
1387,240.19012280322963
1388,280.0417547143446
1389,266.59121072435397
1390,266.3654000535233
1391,237.25313995681665
1392,236.7196620543202
1393,185.1959377265377
1394,-39.33118175484094
1395,173.76297726792214
1396,92.39992343138998
1397,189.48163670236417
1398,188.36243910782943
1399,203.69139092495647
1400,197.68772012952607
1401,261.0150637406681
1402,177.68036574732432
1403,-17.38002155408286
1404,186.8491393627251
1405,76.90647025593147
1406,239.11380125940653
1407,253.4013470840409
1408,201.44550930708405
1409,201.69467362947273
1410,262.630052609718
1411,146.2766148301204
1412,178.71485269005487
1413,211.51384043539585
1414,-13.910707952745469
1415,-49.14948912469315
1416,215.0574260406766
1417,221.84375827598308
1418,220.08018986783114
1419,-48.06663413165589
1420,271.35709937664535
1421,-79.92584287446631
1422,317.1054468545711
1423,9.566953835979433
1424,235.45621980922166
1425,255.2317338710036
1426,-6.878213070837063
1427,-53.648747777322484
1428,232.75395918483775
1429,192.28201529282993
1430,182.09803288318724
1431,217.14300209678717
1432,221.93079847280111
1433,253.61042363973965
1434,-56.25499530410944
1435,200.07863203053768
1436,214.49095880822807
1437,188.12245938210378
1438,169.57987389266867
1439,196.6081166105364
1440,179.26576733212858
1441,151.9342653290382
1442,175.43304817213988
1443,-23.29202378469734
1444,16.555668927772384
1445,158.21891471398249
1446,208.85350213204538
1447,134.83705269666603
1448,-95.38446692308563
1449,-70.06632193868003
1450,265.97859844474146
1451,205.37293411785004
1452,203.48532712841654
1453,227.06563581073632
1454,227.84729615799648
1455,186.67749240710003
1456,195.54440399418982
1457,239.71878676321484
1458,201.93623717751132
1459,189.91382767271693
1460,266.5692549745936
1461,178.36445491966407
1462,192.21285806937962
1463,-52.30672076346754
1464,173.080334874495
1465,220.64757065621473
1466,178.39303634226457
1467,245.69234825156914
1468,191.28151939047575
1469,250.42024633806918
1470,-20.892038188060482
1471,218.708171068818
1472,-12.089981574772878
1473,248.90299047069064
1474,227.2151859816337
1475,238.63279567147552
1476,257.8477043957705
1477,220.23125677364965
1478,289.1299157490433
1479,263.5768020383233
1480,276.8381898981934
1481,268.1492227833356
1482,285.3449489456584
1483,308.668385496438
1484,239.09561019043048
1485,274.1499469564235
1486,281.47412093167725
1487,242.66672952107066
1488,283.3336351519632
1489,233.0236876196348
1490,260.83987255809814
1491,7.788706113051404
1492,270.73837614314357
1493,220.4438144157358
1494,214.85590011550408
1495,244.04012731708374
1496,209.3044348883554
1497,254.76433970683541
1498,-51.40827097451455
1499,250.50607337872088
1500,262.65022519732304
1501,216.546595081443
1502,265.9812888001684
1503,-28.317384226247313
1504,241.10206217490835
1505,2.797197854687596
1506,196.052341043513
1507,-27.452811918378615
1508,214.18202295979484
1509,246.00871349637418
1510,250.72051831437548
1511,255.13331262097014
1512,253.07614080507483
1513,230.12482054709082
1514,296.2047786668497
1515,202.963287698461
1516,277.66993991104636
1517,0.5388299350600556
1518,-10.386428431282638
1519,-1.4010953452543475
1520,3.277865993318926
1521,297.1169252517543
1522,278.92821145871653
1523,-37.08213769548679
1524,288.03583847701316
1525,-24.523275218989937
1526,280.2800945704414
1527,9.452205276282044
1528,193.59069687045877
1529,-19.73436546224147
1530,293.7139189571676
1531,225.61447328187614
1532,49.601337989268984
1533,-33.05882796738939
1534,-26.48774175390247
1535,205.8191831104946
1536,224.0014862804578
1537,30.73322252073021
1538,12.69833026774981
1539,-0.6689962170920722
1540,-14.875254525740615
1541,27.67144242836011
1542,199.1117837140826
1543,224.09682498002837
1544,78.3556791521419
1545,247.99676172895397
1546,221.16051604148504
1547,1.3679026900927482
1548,41.28645822039147
1549,188.2725180937058
1550,273.0806739559363
1551,-21.50206984776173
1552,252.9051671032634
1553,260.97738106067936
1554,239.45738704540534
1555,278.3407506451766
1556,237.67826076700564
1557,-99.99906347140163
1558,252.12183587656205
1559,222.81305812364914
1560,263.8812766760374
1561,21.1648809735689
1562,264.551203828966
1563,-18.57622818598456
1564,250.13090670611336
1565,55.97154092789512
1566,-13.172675749711487
1567,246.05424055657159
1568,37.461438560495196
1569,257.8382706169961
1570,229.99422652789252
1571,254.08920066086426
1572,177.63271891576352
1573,277.7010849894798
1574,221.67857987354233
1575,291.10230120937547
1576,229.02285998146053
1577,55.01557244236807
1578,7.7933948283561705
1579,250.79263252009738
1580,13.385969048176065
1581,43.02443875627657
1582,233.37718271487728
1583,38.2206829065
1584,26.852650279302765
1585,9.272194419965444
1586,-13.919753539221531
1587,285.2254507701229
1588,-119.0043896050411
1589,257.04204860935414
1590,258.85917644359284
1591,244.91643710083844
1592,283.4076972671592
1593,80.26990053702096
1594,27.152445684533106
1595,234.6502944168601
1596,12.333488684330106
1597,-3.1541075202987656
1598,-6.639315207715711
1599,290.19993374313424
1600,276.16911273809893
1601,-39.875841016866744
1602,23.095684290189865
1603,238.25546794422795
1604,278.0653148159116
1605,252.54552852246425
1606,27.27778529301358
1607,209.57227025676247
1608,-36.93694561871564
1609,-39.93011873230881
1610,34.770703422669555
1611,250.097869125079
1612,238.96335281314978
1613,8.285748191897824
1614,271.8959524796412
1615,19.22429799204113
1616,238.9981150074905
1617,-11.092792085542968
1618,246.09676688724375
1619,223.88680495649737
1620,74.14246952139513
1621,219.62920173457994
1622,12.206096630978294
1623,255.03759641349512
1624,20.718773108346127
1625,-13.389846675081287
1626,10.078630547600241
1627,253.30513553506933
1628,263.71864839117774
1629,277.97327379415617
1630,252.60179030496118
1631,-31.698259298903196
1632,252.38096984934626
1633,9.462507442240806
1634,-41.05104615154515
1635,15.132408542827037
1636,263.01441171767965
1637,255.95976757696369
1638,222.55575597843233
1639,222.0840495330826
1640,264.8037553356038
1641,241.38610671692498
1642,-141.556187925998
1643,220.28134796744627
1644,188.52854401949992
1645,-75.62296488255072
1646,242.19998078610524
1647,228.64911512585772
1648,238.7698414938219
1649,240.84836656605938
1650,-226.19354848757544
1651,196.42418695165586
1652,-30.10044194146566
1653,250.55064371182362
1654,239.09529888339517
1655,259.9809635715274
1656,255.3427976888215
1657,207.98808931715027
1658,243.40376017637658
1659,-33.97932844275084
1660,-101.7141080016928
1661,234.16617900302472
1662,197.2967958045033
1663,199.51145118745683
1664,-120.80604080003043
1665,160.26182983270274
1666,249.32019177507013
1667,191.68711201152217
1668,-152.57208042306615
1669,201.778820797307
1670,217.6789368978555
1671,221.3503875621451
1672,9.515193830494695
1673,237.98673235472245
1674,195.81259212246138
1675,243.45071980471064
1676,215.6445996048331
1677,224.61350078070916
1678,-253.4692082711214
1679,197.85889294848485
1680,-9.96740901803416
1681,188.8088366211274
1682,171.58301466661112
1683,228.40418127151875
1684,-29.823839012273794
1685,188.83376482303214
1686,-43.82429830527742
1687,-15.138424662346424
1688,274.4676545145059
1689,212.99300583333553
1690,176.9186215796569
1691,5.666118206135877
1692,-6.800498142114435
1693,259.9157689811501
1694,-41.83275032017879
1695,194.5329099699553
1696,-46.391977031608505
1697,-22.31886219906295
1698,191.34044930252006
1699,197.4536066729332
1700,-134.5324127653724
1701,-120.04921153360411
1702,-59.84694382298656
1703,274.0450007512224
1704,262.5946009736351
1705,176.50606649869292
1706,-44.302567485778
1707,-68.36391859557017
1708,19.786131338429726
1709,-59.33406429602192
1710,239.05731169704242
1711,229.0889899026137
1712,194.89976342243716
1713,-31.13458570547573
1714,204.11572603820758
1715,244.49818565284033
1716,226.7768204129975
1717,23.93999307338987
1718,-31.94478364790878
1719,-2.2550153456329696
1720,249.78182002191448
1721,219.45881512249085
1722,266.6347065570251
1723,187.71618675744588
1724,202.6386504660754
1725,215.77513100143926
1726,252.87032719584724
1727,-26.19490515822328
1728,227.0651705319707
1729,110.40909984122125
1730,201.97002054105465
1731,219.09419079187649
1732,207.5846254659932
1733,228.27438260610978
1734,227.31978311517142
1735,-110.97554600894702
1736,226.02068924265842
1737,181.5710904565531
1738,-119.62189546075605
1739,286.4700786005453
1740,-101.0463232244109
1741,-132.52192338726834
1742,-116.58681626607752
1743,-170.75961110692447
1744,-110.54466340003462
1745,269.83685544353716
1746,-113.89309455524503
1747,113.50195167054576
1748,-98.75953366909393
1749,-85.6977111395128
1750,264.8903601838862
1751,-90.29228654247484
1752,271.54374565109526
1753,265.99064466005905
1754,-210.61082973239175
1755,138.31923802672685
1756,154.2426456180192
1757,199.7081426343923
1758,201.73512413227797
1759,173.0509088526859
1760,193.63444793857317
1761,154.16647600425836
1762,196.49898924615337
1763,214.25427503989948
1764,253.23219559346762
1765,233.4286485568388
1766,159.2392432496134
1767,186.2218362165703
1768,158.76996685550574
1769,219.70667608976143
1770,-44.34799809951521
1771,-125.91861445106684
1772,223.97201650208257
1773,181.89911598885357
1774,269.2745566364182
1775,170.7859981569265
1776,204.84142067487923
1777,-87.93328818885038
1778,225.54157139166804
1779,148.3858759072229
1780,197.88217827695416
1781,265.4178706076571
1782,1.0223277997077673
1783,19.812345231173623
1784,194.257995622794
1785,-46.34305507712733
1786,235.71080371483612
1787,-187.52530529370318
1788,267.40155249284226
1789,228.5470905030998
1790,-133.74010422651614
1791,143.1647127036416
1792,168.0861934039047
1793,155.10086418501052
1794,-34.50000519984593
1795,-20.305313388277284
1796,-73.7894867420532
1797,148.7999425718251
1798,211.1618112602402
1799,-92.70357168464572
1800,160.5364064621878
1801,105.95274165508081
1802,-85.85265762506629
1803,-89.8952772683798
1804,-89.31908425604804
1805,-106.44593545724564
1806,126.6473237163396
1807,-63.45581132794801
1808,136.46792487635383
1809,-76.88181846278312
1810,-118.40223456925335
1811,-94.54745993877978
1812,-101.42471982469476
1813,-151.70968265339332
1814,-103.12269411475113
1815,-159.1378488099032
1816,-75.33279929785516
1817,-107.88004776127904
1818,-82.17379480015052
1819,-210.9585013437196
1820,-112.28603301663422
1821,-111.25256027073817
1822,169.28619691820387
1823,263.8930242469597
1824,169.79670439800844
1825,-160.6831900782132
1826,192.12098830971237
1827,155.8505676332064
1828,-82.39394411038944
1829,169.28970488247495
1830,-72.14899974384052
1831,-157.57642546453374
1832,-80.27119481962093
1833,-114.70319459118438
1834,-124.33011538780275
1835,276.46054565377347
1836,-124.75095859573476
1837,-90.16453541392826
1838,-75.84543777936102
1839,-68.16277182834065
1840,-141.9642573773436
1841,135.85815751241657
1842,256.23912672932954
1843,64.1034769613566
1844,-89.22693268304054
1845,247.34147035805546
1846,190.93802048147344
1847,117.07672213160484
1848,-59.280927766968006
1849,123.0291757813103
1850,272.18012588170984
1851,171.99207064232124
1852,216.7212358157965
1853,250.81011081413297
1854,150.46594605473638
1855,249.69608419117046
1856,203.90384986903481
1857,172.80628609981858
1858,32.84130297947029
1859,234.12555590827338
1860,177.68546199111327
1861,183.57267790891842
1862,237.2718026372454
1863,168.18626812313556
1864,266.6102792457249
1865,252.38861739747963
1866,225.01024739356356
1867,244.8940391457873
1868,289.6298043281682
1869,215.60723010941524
1870,202.99052183129345
1871,212.66864738227756
1872,234.91853776256914
1873,203.82468083145574
1874,12.037085957295346
1875,-72.52046341147634
1876,272.4182841091425
1877,-82.92605327587661
1878,186.70267890171647
1879,168.16316979964327
1880,-26.133778931428623
1881,-73.6409528165733
1882,251.27345909348628
1883,20.88593059287721
1884,182.50661448570767
1885,-28.755364050843596
1886,272.48278709485385
1887,196.02457827885354
1888,225.75408244969032
1889,272.60183281781036
1890,-122.29632804126786
1891,211.72866466652192
1892,214.7784626862645
1893,-62.992252234470634
1894,-172.64949407979154
1895,-107.53511820477046
1896,276.1487954170798
1897,-64.26090073902475
1898,-49.309768778972085
1899,-64.39412102645409
1900,-163.18435817196638
1901,-49.43675829132165
1902,106.37400495651738
1903,214.33617759792517
1904,238.3988541162432
1905,179.315089913929
1906,295.38049018177145
1907,147.66529115598067
1908,269.54527908245063
1909,-82.66391065567234
1910,281.0876705335568
1911,233.00350429972974
1912,238.68676184420121
1913,193.37008049305956
1914,173.0487909227818
1915,-90.70013425615322
1916,274.50277487541314
1917,-61.291292864314826
1918,263.8054118097199
1919,263.96285933366204
1920,37.49104358176584
1921,164.770420464801
1922,298.7298544663365
1923,189.74553323500982
1924,192.77494531189
1925,190.7009242844229
1926,-29.700918769683852
1927,300.14661227498004
1928,-65.63145895240287
1929,246.7072941768061
1930,28.56156139930704
1931,0.7238579352381862
1932,226.97891028822406
1933,278.8039244839212
1934,32.068578566875715
1935,221.8486810520275
1936,295.53547126526075
1937,234.978518392507
1938,270.72234641016604
1939,256.26961026199643
1940,230.4712203599661
1941,282.2408542746366
1942,40.37984936488991
1943,285.5951931731454
1944,3.2669481470208694
1945,290.73709418248234
1946,295.17405131844737
1947,6.784298336637633
1948,221.17324554596655
1949,283.2595778913659
1950,276.81761616907875
1951,239.060604051399
1952,250.922698805804
1953,228.62097892804962
1954,269.2628997377656
1955,285.2417433705324
1956,283.1871178174307
1957,253.17550832413858
1958,269.051623239092
1959,269.6021075093102
1960,275.4983615009148
1961,249.38026666312624
1962,253.41166454355
1963,221.38373564650524
1964,275.4317722008818
1965,240.96411929697317
1966,248.2276744773951
1967,288.1815135038358
1968,235.89980444744756
1969,240.1875279078123
1970,266.969996680225
1971,196.81490624280332
1972,262.7749311457811
1973,244.73511366273817
1974,228.14693813899655
1975,253.41429754934293
1976,237.4817238433462
1977,225.37318514388738
1978,299.72753054632074
1979,256.28803392523776
1980,176.93455063934664
1981,252.58477048927622
1982,289.68083737615655
1983,255.83065927469897
1984,11.739435370361946
1985,166.5697029629223
1986,247.72694935621806
1987,76.91194720251971
1988,5.705926720251966
1989,248.91330392390057
1990,63.59979403390872
1991,236.5391543070338
1992,301.22991491172394
1993,294.5791098511902
1994,284.23468674309214
1995,246.1239969427969
1996,-20.074694405249517
1997,35.12687333660634
1998,210.82247207061533
1999,252.17291867202306
